library,barcode,variant_call_support,aa_substitutions,n_aa_substitutions,strain
RecentStrains,ACGGAATCCCCTGAGA,10,K130N N156K L161I K209M V250A,5,A/Washington/23/2020
RecentStrains,GCATGGATCCTTTACT,10,I166T A186T D187A Q189E P236A,5,A/Togo/845/2020
RecentStrains,GTAGTGCATCATTGAT,10,,0,A/Ghana/2080/2020
RecentStrains,CCAGTTCCCTTCGATG,10,I166T A186T D187A Q189E,4,A/Ghana/138/2020
RecentStrains,ACAGCAAATACTCACA,10,K54Q K130N N156K L161I A186T Q189E E224A V250A...,9,A/India/Pun-NIV312851/2021
RecentStrains,ACCTTACTAAATCCTG,10,D187A Q189E A261T,3,A/Nimes/871/2021
RecentStrains,TCTGCTAAACTAAGTA,10,K54Q A73E D94N K130N N156K L161I A186T Q189E K...,14,A/Bangladesh/8002/2021
RecentStrains,ATACCTCAACCTTGAA,10,K54Q K130N N156K L161I A186T Q189E E224A V250A...,11,A/Bangladesh/8036/2021
RecentStrains,AACTATAGATCTAGAA,10,K54Q K130N V152I N156K L161I A186T Q189E T216A...,12,A/Bangladesh/3210810034/2021
RecentStrains,GAAGAATGGTTTTCTG,10,D187A Q189E T232I,3,A/Togo/0304/2021
RecentStrains,TAGCAGATGTATCAAT,10,V47E A73V I166T A186T D187A Q189E,6,A/Togo/0274/2021
RecentStrains,AACGTTAACAAATGAA,10,K54Q K130N N156K L161I A186T Q189E E224A V250A...,10,A/Michigan/19/2021
RecentStrains,GTCCGTTGATAAAGAG,10,D187A Q189E T270A,3,A/Cote_DIvoire/1448/2021
RecentStrains,GATCTAATAATACGGC,10,A48P K54Q K130N N156K L161I A186T Q189E E224A ...,11,A/India-PUN-NIV328484/2021
RecentStrains,CACCATTAAAGAGGTA,10,R113K D187A Q189E H399N,4,A/SouthAfrica/R16462/2021
RecentStrains,GAGACGTACGAAATTA,10,K54Q K130N K142R N156K L161I A186T Q189E E224A...,14,A/SouthAfrica/R14850/2021
RecentStrains,AAACTAAAAGCAAGGG,10,S83F D187A Q189E,3,A/Paris/31196/2021
RecentStrains,ACATTTCCCTCGATAT,10,D187A Q189E V321I R450G,4,A/Paris/30353/2021
RecentStrains,GACCAACTGTGGTACA,10,S128T P137S G155E D187A Q189E,5,A/England/220200318/2022
RecentStrains,GAACGATTGTAATTTT,10,R113K V152I D187A Q189E H399N V449I,6,A/Niger/10217/2021
RecentStrains,AAAAAACGCATGTAGA,10,K54Q K130N N156K L161I A186T Q189E T216A E224A...,11,A/Chester/5355/2022
RecentStrains,AAGAGAAATATTCGCT,10,K54Q A73E D94N K130N N156K S157T L161I A186T Q...,15,A/Bangladesh/2221/2021
RecentStrains,CAAATATATCTTCATG,10,K54Q S83P D94N K130N N156K L161I A186T Q189E T...,13,A/Newcastle/2/2022
RecentStrains,TAAATAACTCGTATTT,10,K54Q I96V K130N N156K L161I A186T Q189E T216A ...,12,A/Utah/27/2022
RecentStrains,TACCGTATAATTAAAA,10,D187A Q189E S326P,3,A/Belgium/H0038/2022
RecentStrains,AATGAAAGTTAGCATT,10,P137S G155E D187A Q189E,4,A/Belgium/H0017/2022
RecentStrains,TTGGGGAAATATATAA,10,K54Q K130N N156K L161I A186T Q189E E224A V250A...,11,A/Perth/1/2022
RecentStrains,AAAACAGTATAGAAGA,10,K54Q S83P S85P D94N K130N N156K L161I A186T Q1...,16,A/India-Pune-Nivcov2221170/2022
RecentStrains,CTATTAATCATGCAAA,10,K54Q D94N K130N N156K L161I A186T Q189E R205G ...,13,A/Sydney/43/2022
RecentStrains,TGGAAAAGATGTAATA,10,K54Q K130N P137S K142R N156K L161I A186T Q189E...,16,A/Norway/25089/2022
RecentStrains,GAGCTCTAAAGCAACA,10,K54Q D94N K130N N156K L161I A186T Q189E T216A ...,12,A/Brisbane/48/2022
RecentStrains,GACACAGAACCCATGC,10,V1S,1,A/California/07/2009
RecentStrains,ACAAAGTCTCGAGAAG,10,V2S,1,A/Michigan/45/2015
RecentStrains,ATCCGATTTAAAGGCA,10,V3S,1,A/Brisbane/02/2018
RecentStrains,GAAGAAACTATAACCA,10,V4S,1,A/Wisconsin/588/2019
RecentStrains,ATAGAATCGCAAATTA,10,V5S,1,A/Hawaii/70/2019
RecentStrains,GAACTGGCGTCAATCA,10,K130N N156K L161I K209M V250A,5,A/Washington/23/2020
RecentStrains,TTACCGTCTACGCATA,10,I166T A186T D187A Q189E P236A,5,A/Togo/845/2020
RecentStrains,CAGCAAAAGCATCACC,10,,0,A/Ghana/2080/2020
RecentStrains,GACTATGGTCTAAAAA,10,I166T A186T D187A Q189E,4,A/Ghana/138/2020
RecentStrains,CAAGAACCCAAATATA,10,K54Q K130N N156K L161I A186T Q189E E224A V250A...,9,A/India/Pun-NIV312851/2021
RecentStrains,GTTCCTTTAAGCCAAA,10,D187A Q189E A261T,3,A/Nimes/871/2021
RecentStrains,GCAACGCCAAATAATT,10,K54Q A73E D94N K130N N156K L161I A186T Q189E K...,14,A/Bangladesh/8002/2021
RecentStrains,ACGGGGCCCAGGTAAT,10,K54Q K130N N156K L161I A186T Q189E E224A V250A...,11,A/Bangladesh/8036/2021
RecentStrains,ACAAAAGTACCTCTAC,10,K54Q K130N V152I N156K L161I A186T Q189E T216A...,12,A/Bangladesh/3210810034/2021
RecentStrains,AACTCTAAAGATATAA,10,D187A Q189E T232I,3,A/Togo/0304/2021
RecentStrains,GTAACATTATACGATT,10,V47E A73V I166T A186T D187A Q189E,6,A/Togo/0274/2021
RecentStrains,TAATGAGCTTTATGGT,10,K54Q K130N N156K L161I A186T Q189E E224A V250A...,10,A/Michigan/19/2021
RecentStrains,GTTAAACGATCTATAG,10,D187A Q189E T270A,3,A/Cote_DIvoire/1448/2021
RecentStrains,TTGTCCCGAGACAACA,10,A48P K54Q K130N N156K L161I A186T Q189E E224A ...,11,A/India-PUN-NIV328484/2021
RecentStrains,CGGCGTATCGTTCACA,10,R113K D187A Q189E H399N,4,A/SouthAfrica/R16462/2021
RecentStrains,TACTCAACAAGATAAA,10,K54Q K130N K142R N156K L161I A186T Q189E E224A...,14,A/SouthAfrica/R14850/2021
RecentStrains,AGCAGCCTGAAAATAT,10,S83F D187A Q189E,3,A/Paris/31196/2021
RecentStrains,ACATAAGAACCCTATA,10,D187A Q189E V321I R450G,4,A/Paris/30353/2021
RecentStrains,CGTAATACATTTAAGA,10,S128T P137S G155E D187A Q189E,5,A/England/220200318/2022
RecentStrains,CATCAACCGCCATTTC,10,R113K V152I D187A Q189E H399N V449I,6,A/Niger/10217/2021
RecentStrains,CCTCAAAATAACAAGC,10,K54Q K130N N156K L161I A186T Q189E T216A E224A...,11,A/Chester/5355/2022
RecentStrains,GATAGAAATACCAGGA,10,K54Q A73E D94N K130N N156K S157T L161I A186T Q...,15,A/Bangladesh/2221/2021
RecentStrains,GCCCAAGTAGGTGCAA,10,K54Q S83P D94N K130N N156K L161I A186T Q189E T...,13,A/Newcastle/2/2022
RecentStrains,TCCTTGTAATTCAACT,10,K54Q I96V K130N N156K L161I A186T Q189E T216A ...,12,A/Utah/27/2022
RecentStrains,GCCGGAGGGCATTTTC,10,D187A Q189E S326P,3,A/Belgium/H0038/2022
RecentStrains,ATGTCCATAAAAAATA,10,P137S G155E D187A Q189E,4,A/Belgium/H0017/2022
RecentStrains,CTGCACGAGAGACTTC,10,K54Q K130N N156K L161I A186T Q189E E224A V250A...,11,A/Perth/1/2022
RecentStrains,AAATCTACCGCATTAT,10,K54Q S83P S85P D94N K130N N156K L161I A186T Q1...,16,A/India-Pune-Nivcov2221170/2022
RecentStrains,TAGTATAATAGAGCAG,10,K54Q D94N K130N N156K L161I A186T Q189E R205G ...,13,A/Sydney/43/2022
RecentStrains,CGGATAAAAATGATAT,10,K54Q K130N P137S K142R N156K L161I A186T Q189E...,16,A/Norway/25089/2022
RecentStrains,TTATGATCTAAACAGA,10,K54Q D94N K130N N156K L161I A186T Q189E T216A ...,12,A/Brisbane/48/2022
RecentStrains,CATGTGAATTCGCCCA,10,V1S,1,A/California/07/2009
RecentStrains,CACCTAGGATCGCACT,10,V2S,1,A/Michigan/45/2015
RecentStrains,TTGGGCACTAAATTAA,10,V3S,1,A/Brisbane/02/2018
RecentStrains,AGTCCTATCCTCAAAT,10,V4S,1,A/Wisconsin/588/2019
RecentStrains,TGGAATCGTCACCGAT,10,V5S,1,A/Hawaii/70/2019
RecentStrains,GGATAAGAAAACTACT,10,K130N N156K L161I K209M V250A,5,A/Washington/23/2020
RecentStrains,AGGTCAAGACCACAGG,10,I166T A186T D187A Q189E P236A,5,A/Togo/845/2020
RecentStrains,GCAATCCCGCAATTTG,10,,0,A/Ghana/2080/2020
RecentStrains,TAAGCCATAAATCAAT,10,I166T A186T D187A Q189E,4,A/Ghana/138/2020
RecentStrains,GTAGCTATAACTAATA,10,K54Q K130N N156K L161I A186T Q189E E224A V250A...,9,A/India/Pun-NIV312851/2021
RecentStrains,TAATTACATTGCGGTT,10,D187A Q189E A261T,3,A/Nimes/871/2021
RecentStrains,AGTGTCCCTAAGAGGC,10,K54Q A73E D94N K130N N156K L161I A186T Q189E K...,14,A/Bangladesh/8002/2021
RecentStrains,CAGTTCTGCGACCAGC,10,K54Q K130N N156K L161I A186T Q189E E224A V250A...,11,A/Bangladesh/8036/2021
RecentStrains,ATGCAATATTAAGGAA,10,K54Q K130N V152I N156K L161I A186T Q189E T216A...,12,A/Bangladesh/3210810034/2021
RecentStrains,AGAGATAATAACAAAA,10,D187A Q189E T232I,3,A/Togo/0304/2021
RecentStrains,AACGAATGAATTTCTT,10,V47E A73V I166T A186T D187A Q189E,6,A/Togo/0274/2021
RecentStrains,AGAGAAAAAACAGTGA,10,K54Q K130N N156K L161I A186T Q189E E224A V250A...,10,A/Michigan/19/2021
RecentStrains,TCGAGAACACCCATAA,10,D187A Q189E T270A,3,A/Cote_DIvoire/1448/2021
RecentStrains,TCTGTTCCGGCCCGAA,10,A48P K54Q K130N N156K L161I A186T Q189E E224A ...,11,A/India-PUN-NIV328484/2021
RecentStrains,CTAGCAGATTGTATAA,10,R113K D187A Q189E H399N,4,A/SouthAfrica/R16462/2021
RecentStrains,AACTCCGCAGACACTG,10,K54Q K130N K142R N156K L161I A186T Q189E E224A...,14,A/SouthAfrica/R14850/2021
RecentStrains,AATAAGTATACGGGAT,10,S83F D187A Q189E,3,A/Paris/31196/2021
RecentStrains,GTTTGACAATCACTAC,10,D187A Q189E V321I R450G,4,A/Paris/30353/2021
RecentStrains,GCTGCGCCTAACATAA,10,S128T P137S G155E D187A Q189E,5,A/England/220200318/2022
RecentStrains,AAATAAGTACGCAAAT,10,R113K V152I D187A Q189E H399N V449I,6,A/Niger/10217/2021
RecentStrains,TCATATAAAGAAAAGG,10,K54Q K130N N156K L161I A186T Q189E T216A E224A...,11,A/Chester/5355/2022
RecentStrains,GACAGCAATGCATACA,10,K54Q A73E D94N K130N N156K S157T L161I A186T Q...,15,A/Bangladesh/2221/2021
RecentStrains,TTCACTAAGATTTCAT,10,K54Q S83P D94N K130N N156K L161I A186T Q189E T...,13,A/Newcastle/2/2022
RecentStrains,ACAATGTGACTCACCC,10,K54Q I96V K130N N156K L161I A186T Q189E T216A ...,12,A/Utah/27/2022
RecentStrains,GATCCGTACTTTGATT,10,D187A Q189E S326P,3,A/Belgium/H0038/2022
RecentStrains,GTAAAGCAAATCCATT,10,P137S G155E D187A Q189E,4,A/Belgium/H0017/2022
RecentStrains,AGCCCCGTGAGAAGCA,10,K54Q K130N N156K L161I A186T Q189E E224A V250A...,11,A/Perth/1/2022
RecentStrains,CGTTTAAACAATGAAG,10,K54Q S83P S85P D94N K130N N156K L161I A186T Q1...,16,A/India-Pune-Nivcov2221170/2022
RecentStrains,TACGGACATTCTTAAC,10,K54Q D94N K130N N156K L161I A186T Q189E R205G ...,13,A/Sydney/43/2022
RecentStrains,GACTCAATAATCACAC,10,K54Q K130N P137S K142R N156K L161I A186T Q189E...,16,A/Norway/25089/2022
RecentStrains,CCCTATGCTGCGTATT,10,K54Q D94N K130N N156K L161I A186T Q189E T216A ...,12,A/Brisbane/48/2022
RecentStrains,CCTTTCTCAAAACATA,10,V1S,1,A/California/07/2009
RecentStrains,TTGAAAAAATCATAAA,10,V2S,1,A/Michigan/45/2015
RecentStrains,TAATAAGCCAGCAAGA,10,V3S,1,A/Brisbane/02/2018
RecentStrains,TATATTAGTAACATAA,10,V4S,1,A/Wisconsin/588/2019
RecentStrains,AGTAAACATGCATTGG,10,V5S,1,A/Hawaii/70/2019
RecentStrains,CGCCTAATGTTAATAA,10,V1S,1,A/California/07/2009
RecentStrains,TGAGGATAATCACAAG,10,V2S,1,A/Michigan/45/2015
RecentStrains,ACGACATGATCAAACG,10,V3S,1,A/Brisbane/02/2018
RecentStrains,AATCTCCTCACGCAGC,10,V4S,1,A/Wisconsin/588/2019
RecentStrains,ACATGAATTCAGACGG,10,V5S,1,A/Hawaii/70/2019